{"textures":{"0":"modelengine:entity/skin"},"elements":[{"from":[-4.0,8.0,-4.0],"to":[20.0,32.0,20.0],"faces":{"east":{"uv":[0.0,2.0,2.0,4.0],"tintindex":0,"rotation":0,"texture":"#0"},"south":{"uv":[6.0,2.0,8.0,4.0],"tintindex":0,"rotation":0,"texture":"#0"},"north":{"uv":[2.0,2.0,4.0,4.0],"tintindex":0,"rotation":0,"texture":"#0"},"west":{"uv":[4.0,2.0,6.0,4.0],"tintindex":0,"rotation":0,"texture":"#0"},"up":{"uv":[4.0,2.0,2.0,0.0],"tintindex":0,"rotation":0,"texture":"#0"},"down":{"uv":[6.0,0.0,4.0,2.0],"tintindex":0,"rotation":0,"texture":"#0"}}}]}