{"textures":{"0":"modelengine:entity/skin"},"elements":[{"from":[4.0,-16.0,4.0],"to":[12.0,8.0,12.0],"faces":{"east":{"uv":[0.0,5.0,1.0,8.0],"tintindex":0,"rotation":0,"texture":"#0"},"south":{"uv":[3.0,5.0,4.0,8.0],"tintindex":0,"rotation":0,"texture":"#0"},"north":{"uv":[1.0,5.0,2.0,8.0],"tintindex":0,"rotation":0,"texture":"#0"},"west":{"uv":[2.0,5.0,3.0,8.0],"tintindex":0,"rotation":0,"texture":"#0"},"up":{"uv":[2.0,5.0,1.0,4.0],"tintindex":0,"rotation":0,"texture":"#0"},"down":{"uv":[3.0,4.0,2.0,5.0],"tintindex":0,"rotation":0,"texture":"#0"}}}]}