{"overrides":[{"predicate":{"custom_model_data":1},"model":"modelengine:steve/head"},{"predicate":{"custom_model_data":2},"model":"modelengine:steve/rightleg"},{"predicate":{"custom_model_data":3},"model":"modelengine:steve/rightarm"},{"predicate":{"custom_model_data":4},"model":"modelengine:steve/leftleg"},{"predicate":{"custom_model_data":5},"model":"modelengine:steve/leftarm"},{"predicate":{"custom_model_data":6},"model":"modelengine:steve/body"},{"predicate":{"custom_model_data":7},"model":"modelengine:steve_10/head"},{"predicate":{"custom_model_data":8},"model":"modelengine:steve_10/rightleg"},{"predicate":{"custom_model_data":9},"model":"modelengine:steve_10/rightarm"},{"predicate":{"custom_model_data":10},"model":"modelengine:steve_10/leftleg"},{"predicate":{"custom_model_data":11},"model":"modelengine:steve_10/leftarm"},{"predicate":{"custom_model_data":12},"model":"modelengine:steve_10/body"},{"predicate":{"custom_model_data":13},"model":"modelengine:steve_100/head"},{"predicate":{"custom_model_data":14},"model":"modelengine:steve_100/rightleg"},{"predicate":{"custom_model_data":15},"model":"modelengine:steve_100/rightarm"},{"predicate":{"custom_model_data":16},"model":"modelengine:steve_100/leftleg"},{"predicate":{"custom_model_data":17},"model":"modelengine:steve_100/leftarm"},{"predicate":{"custom_model_data":18},"model":"modelengine:steve_100/body"},{"predicate":{"custom_model_data":19},"model":"modelengine:steve_25/head"},{"predicate":{"custom_model_data":20},"model":"modelengine:steve_25/rightleg"},{"predicate":{"custom_model_data":21},"model":"modelengine:steve_25/rightarm"},{"predicate":{"custom_model_data":22},"model":"modelengine:steve_25/leftleg"},{"predicate":{"custom_model_data":23},"model":"modelengine:steve_25/leftarm"},{"predicate":{"custom_model_data":24},"model":"modelengine:steve_25/body"},{"predicate":{"custom_model_data":25},"model":"modelengine:steve_50/head"},{"predicate":{"custom_model_data":26},"model":"modelengine:steve_50/rightleg"},{"predicate":{"custom_model_data":27},"model":"modelengine:steve_50/rightarm"},{"predicate":{"custom_model_data":28},"model":"modelengine:steve_50/leftleg"},{"predicate":{"custom_model_data":29},"model":"modelengine:steve_50/leftarm"},{"predicate":{"custom_model_data":30},"model":"modelengine:steve_50/body"},{"predicate":{"custom_model_data":31},"model":"modelengine:steve_75/head"},{"predicate":{"custom_model_data":32},"model":"modelengine:steve_75/rightleg"},{"predicate":{"custom_model_data":33},"model":"modelengine:steve_75/rightarm"},{"predicate":{"custom_model_data":34},"model":"modelengine:steve_75/leftleg"},{"predicate":{"custom_model_data":35},"model":"modelengine:steve_75/leftarm"},{"predicate":{"custom_model_data":36},"model":"modelengine:steve_75/body"}],"parent":"minecraft:item/generated","textures":{"layer0":"minecraft:item/leather_horse_armor"}}