{"textures":{"0":"modelengine:entity/skin"},"elements":[{"from":[-1.6000004,8.0,-1.6000004],"to":[17.6,27.200005,17.6],"faces":{"east":{"uv":[0.0,2.0,2.0,4.0],"tintindex":0,"rotation":0,"texture":"#0"},"south":{"uv":[6.0,2.0,8.0,4.0],"tintindex":0,"rotation":0,"texture":"#0"},"north":{"uv":[2.0,2.0,4.0,4.0],"tintindex":0,"rotation":0,"texture":"#0"},"west":{"uv":[4.0,2.0,6.0,4.0],"tintindex":0,"rotation":0,"texture":"#0"},"up":{"uv":[4.0,2.0,2.0,0.0],"tintindex":0,"rotation":0,"texture":"#0"},"down":{"uv":[6.0,0.0,4.0,2.0],"tintindex":0,"rotation":0,"texture":"#0"}}},{"from":[-2.8000002,6.800003,-2.8000002],"to":[18.8,28.400002,18.8],"faces":{"east":{"uv":[8.0,2.0,10.0,4.0],"tintindex":0,"rotation":0,"texture":"#0"},"south":{"uv":[14.0,2.0,16.0,4.0],"tintindex":0,"rotation":0,"texture":"#0"},"north":{"uv":[10.0,2.0,12.0,4.0],"tintindex":0,"rotation":0,"texture":"#0"},"west":{"uv":[12.0,2.0,14.0,4.0],"tintindex":0,"rotation":0,"texture":"#0"},"up":{"uv":[12.0,2.0,10.0,0.0],"tintindex":0,"rotation":0,"texture":"#0"},"down":{"uv":[14.0,0.0,12.0,2.0],"tintindex":0,"rotation":0,"texture":"#0"}}}]}