{"textures":{"0":"modelengine:entity/skin"},"elements":[{"from":[5.6000004,-16.0,3.1999998],"to":[15.200001,12.799999,12.8],"faces":{"east":{"uv":[10.0,5.0,11.0,8.0],"tintindex":0,"rotation":0,"texture":"#0"},"south":{"uv":[13.0,5.0,14.0,8.0],"tintindex":0,"rotation":0,"texture":"#0"},"north":{"uv":[11.0,5.0,12.0,8.0],"tintindex":0,"rotation":0,"texture":"#0"},"west":{"uv":[12.0,5.0,13.0,8.0],"tintindex":0,"rotation":0,"texture":"#0"},"up":{"uv":[12.0,5.0,11.0,4.0],"tintindex":0,"rotation":0,"texture":"#0"},"down":{"uv":[13.0,4.0,12.0,5.0],"tintindex":0,"rotation":0,"texture":"#0"}}}]}